#lapourtoi,votrevoix,13
#PS,votrevoix,14
#JDMR,votrevoix,14
#HotAsHell,votrevoix,15
#migrants,votrevoix,16
#19h30,votrevoix,16
#enfantsensecurite,votrevoix,19
#Suisse,votrevoix,21
#as,votrevoix,24
#ElectionsCH15,votrevoix,25
#EF2015,votrevoix,28
#2015MOB,votrevoix,28
#ASLOCA,CarloSommaruga,12
#ASLOCA,CarloSommaruga,13
#EF2015,CarloSommaruga,20
#Twitter,CarloSommaruga,20
#SuisseBattle,CarloSommaruga,20
#ef2015,CarloSommaruga,27
#WahlenCH2015,CarloSommaruga,27
#GenevaMeans,CarloSommaruga,30
#RSR,ManuelTornare,25
#TDG2015,ManuelTornare,30
#EF2015,thtanquerel,11
#ef2015,thtanquerel,12
#Socialistes,thtanquerel,27
#EF2015,Ballymag,13
#Genève,Ballymag,16
#FastFoodGlobal,RogerDeneys,12
#CharlieHebdo,RogerDeneys,17
#CirqueHipparque,RogerDeneys,20
#Budget2015,RogerDeneys,22
#Budget2015,RogerDeneys,23
#PL11328,RogerDeneys,23
#Budget2015,RogerDeneys,24
#Budget2015,RogerDeneys,25
#31GE,RogerDeneys,30
#EF2015,GenderGirl,12
#EF2015,GenderGirl,20
#GE,GenderGirl,20
#liste3,GenderGirl,20
#PS,GenderGirl,22
#EF2015,GenderGirl,22
#lapourtoi,GenderGirl,22
#2015MOB,GenderGirl,26
#EF2015,GenderGirl,26
#EF2015,GenderGirl,28
#EF2015,GenderGirl,30
#viverraspecialcoffee,PLottaz,11
#socialgeneva,PLottaz,11
#joysofageek,PLottaz,12
#Japan,PLottaz,20
#salary,PLottaz,20
#MarchOfHope,gaelle14juillet,13
#OpenEurope,gaelle14juillet,13
#Hungary,gaelle14juillet,14
#refugees,gaelle14juillet,14
#Budapest,gaelle14juillet,14
#Austria,gaelle14juillet,14
#MarchOfHope,gaelle14juillet,14
#Migrants,gaelle14juillet,15
"#Germany
With",gaelle14juillet,15
#EU,gaelle14juillet,15
"#Budapest
(Credit",gaelle14juillet,15
#Merkel,gaelle14juillet,16
#Tusk,gaelle14juillet,16
#Orban,gaelle14juillet,16
#Syrie,gaelle14juillet,17
#Napoli,gaelle14juillet,19
#SNHR,gaelle14juillet,20
"#Syria
Syrian",gaelle14juillet,20
"#SNHR
19Medical",gaelle14juillet,21
#Siria,gaelle14juillet,22
#Assad,gaelle14juillet,22
"#Syria
Children",gaelle14juillet,23
#SNHR,gaelle14juillet,23
#Siria,gaelle14juillet,24
#Aylan,gaelle14juillet,24
#Assad,gaelle14juillet,24
#ISIS,gaelle14juillet,24
#Putin,gaelle14juillet,24
#GuardiaCostiera,gaelle14juillet,26
#mustread,gaelle14juillet,29
#watch,gaelle14juillet,29
#réfugiés,gaelle14juillet,30
#lapourtoi,thomaswenger,11
#EF2015,thomaswenger,12
#CHVote,thomaswenger,12
#GEVote,thomaswenger,12
#RTSinfrarouge,thomaswenger,13
#braverlacaniculepourATE,thomaswenger,15
#MAP,thomaswenger,23
#hh2015,hhiltpold,11
#ef2015,hhiltpold,11
#ef2015,hhiltpold,12
#hh2015,hhiltpold,12
#ef2015,hhiltpold,13
#hh2015,hhiltpold,13
#osce,hhiltpold,14
#cn,hhiltpold,14
#ef2015,hhiltpold,15
#hh2015,hhiltpold,15
#hh2015,hhiltpold,16
#hh2015,hhiltpold,16
#plr,hhiltpold,17
#ef2015,hhiltpold,17
#hh2015,hhiltpold,17
#PLR,hhiltpold,18
#EF2015,hhiltpold,18
#plr,hhiltpold,19
#hh2015,hhiltpold,19
#ef2015,hhiltpold,19
#FER,hhiltpold,20
#ef2015,hhiltpold,20
#hh2015,hhiltpold,20
#EF2015,hhiltpold,21
#PLRInnovation,hhiltpold,21
#parlch,hhiltpold,22
#cn,hhiltpold,22
#enfantsensecurite,hhiltpold,23
#ef2015,hhiltpold,24
#cn,hhiltpold,24
#plr,hhiltpold,24
#fdp,hhiltpold,24
#festiverbant,hhiltpold,25
#hh2015,hhiltpold,25
#ef2015,hhiltpold,25
#gshc,hhiltpold,26
#hh2015,hhiltpold,26
#ef2015,hhiltpold,26
#cn,hhiltpold,27
#parlch,hhiltpold,27
#Periscope,hhiltpold,28
#57chevy,hhiltpold,28
#hh2015,hhiltpold,28
#ef2015,hhiltpold,28
#Periscope,hhiltpold,29
#ef2015,hhiltpold,29
#hh2015,hhiltpold,29
#Periscope,hhiltpold,30
#hh2015,hhiltpold,30
#ef2015,hhiltpold,30
#n'importequoi,CLuscher,14
#Montreux,CLuscher,23
#MJF15,CLuscher,25
#PLR,CLuscher,26
#profiteurs,CLuscher,29
#EF2015,RolinWavre,30
#EF2015,BenoitGenecand,13
#PolCH,BenoitGenecand,13
#Asile,RobertCramer_GE,12
#EF2015,RobertCramer_GE,12
#Asile,RobertCramer_GE,13
#asile,RobertCramer_GE,15
#EF2015,RobertCramer_GE,15
#lapourtoi,RobertCramer_GE,16
#écorating,RobertCramer_GE,17
#EF2015,RobertCramer_GE,17
#AussiVieuxQueBeznau,RobertCramer_GE,18
#adverts,RobertCramer_GE,20
#adverts,RobertCramer_GE,21
#protegeonslesrefugies,RobertCramer_GE,21
#Beznau,RobertCramer_GE,23
#nucléaire,RobertCramer_GE,23
#EF2015,RobertCramer_GE,24
#nucléaire,RobertCramer_GE,29
#Aylan,AnneMahrer,13
#faceauxpartis,AnneMahrer,17
#Faceauxpartis,AnneMahrer,18
#2tunnelNON,AnneMahrer,20
#Gothard,AnneMahrer,20
#Aylan,AnneMahrer,22
#réfugiés,AnneMahrer,22
#Beznau,AnneMahrer,23
#nucléaire,AnneMahrer,23
#FermezLa,AnneMahrer,23
#StopRiskingEurope,AnneMahrer,23
#FRC,AnneMahrer,25
#Jaiétémigrant,AnneMahrer,27
#sortiedunucléaire,AnneMahrer,29
#votezvert,AnneMahrer,29
#EF2015,AnneMahrer,30
#votezvert,AnneMahrer,30
#GrandGeneve,BavarelC,11
#congé,BavarelC,12
#paternité,BavarelC,12
#19h30,BavarelC,13
#votezvert,BavarelC,15
#ef2015,BavarelC,15
#alimentsequitables,BavarelC,15
#nucléaire,BavarelC,16
#nucléaire,BavarelC,18
#lePrincipeDuCassisDeDijon,BavarelC,21
#ogm,BavarelC,23
#MunGE15,BavarelC,24
#élections,BavarelC,25
#Suisse,BavarelC,27
#deraillement,BavarelC,28
#chlore,BavarelC,28
#naufrage,BavarelC,29
#Méditerranée,BavarelC,29
#climat,PierreEckert,13
#12h45,PierreEckert,17
#canicule,PierreEckert,17
#fiscalitésuccessorale,PierreEckert,24
#Climat,PierreEckert,25
#munge15,PierreEckert,28
#Morges,PierreEckert,29
#m,PierreEckert,29
#ohquelleaudace,Sophie_ForsterC,12
#onlesavaitdepuisle9février,Sophie_ForsterC,13
#NooonTumedispasça,Sophie_ForsterC,14
#méditerranée,Sophie_ForsterC,19
#Suisse,Sophie_ForsterC,20
#réfugiés,Sophie_ForsterC,21
#méditerranée,Sophie_ForsterC,21
#MUN15GE,Sophie_ForsterC,22
#prosolar,Sophie_ForsterC,23
#MunGE15,Sophie_ForsterC,25
#MUN15GE,Sophie_ForsterC,27
#geneveunmondeensoi,Sophie_ForsterC,29
#endormiemaisrejouie,esterhartmannge,13
#stopTAFTAetTISA,esterhartmannge,14
#GenèveàChaud,esterhartmannge,19
#LémanBleu,esterhartmannge,19
#prioritéTPG,esterhartmannge,24
#sitespropres,esterhartmannge,24
#Fukushima,esterhartmannge,25
#VertsMeyrin,esterhartmannge,27
#crampedelécrivain,esterhartmannge,27
#SolidaritéTattes,esterhartmannge,29
#PasMiam,FLefortGeneva,11
#hepia,FLefortGeneva,11
#EauxVives2019,FLefortGeneva,12
#AmisDeLaPlage,FLefortGeneva,12
#no_more_nukes,FLefortGeneva,14
#ican,FLefortGeneva,14
#bannukes,FLefortGeneva,14
#HiroshimaNagasaki70,FLefortGeneva,14
#HiroshimaDay,FLefortGeneva,14
#nuclearweapons,FLefortGeneva,14
#CCLausanne,FLefortGeneva,17
#Pantheon2015,FLefortGeneva,21
#Sorbonne,FLefortGeneva,21
#ldtr,FLefortGeneva,22
#stopattaquesldtr,FLefortGeneva,22
#EnLD,FLefortGeneva,23
#céréaliers,FLefortGeneva,28
#climat,FLefortGeneva,28
#MoteurDeRecherche,FLefortGeneva,29
#Ecologique,FLefortGeneva,29
#MadeInFrance,FLefortGeneva,29
#FrenchTech,FLefortGeneva,29
#bourses,FLefortGeneva,30
#14juin,FLefortGeneva,30
"#chvote
",FLefortGeneva,30
#CrimeClimatiqueStop,jeanrossiaud,11
#Réfugiés,jeanrossiaud,12
#Hongrie,jeanrossiaud,12
#Monde,jeanrossiaud,13
#Verts,jeanrossiaud,14
#uecdd,jeanrossiaud,15
#COP21,jeanrossiaud,15
#économieverte,jeanrossiaud,16
#votezvert,jeanrossiaud,17
#ef2015,jeanrossiaud,17
#ADverts,jeanrossiaud,18
#JDE,jeanrossiaud,19
#EELV,jeanrossiaud,19
#COP21,jeanrossiaud,19
#Umweltwahl,jeanrossiaud,20
#WahlCH15,jeanrossiaud,20
#WahlCH15,jeanrossiaud,21
#GirodfürZüri,jeanrossiaud,21
#TourAlternatiba,jeanrossiaud,22
#climat,jeanrossiaud,22
#COP21,jeanrossiaud,22
#ICM2015,jeanrossiaud,23
#ICM2015,jeanrossiaud,24
#Revenudebase,jeanrossiaud,25
#basicincome,jeanrossiaud,25
#RBI,jeanrossiaud,25
#TourAlternatiba,jeanrossiaud,26
#COP21,jeanrossiaud,26
#COP21,magix_ch,12
#JDE,magix_ch,14
#EELV,magix_ch,14
#plusquunan,magix_ch,14
#EELV,magix_ch,15
#JDE,magix_ch,15
#JDE,magix_ch,16
#EELV,magix_ch,16
#jde,magix_ch,17
#EELV,magix_ch,17
#JDE,magix_ch,18
#jde,magix_ch,19
#eelv,magix_ch,19
#COP21,magix_ch,20
#JDE,magix_ch,20
#JDE,magix_ch,21
#JDE,magix_ch,22
#JDE,magix_ch,23
#EELV,magix_ch,23
#JDE,magix_ch,24
#EELV,magix_ch,24
#piresscénarii,magix_ch,25
#COP21,magix_ch,25
#JDE,magix_ch,25
#EELV,magix_ch,25
#JDE,magix_ch,26
#jde,magix_ch,27
#eelv,magix_ch,27
#JDE,magix_ch,28
#EELV,magix_ch,28
#COP21,magix_ch,28
#COP21,magix_ch,29
#JDE,magix_ch,29
#JDE,magix_ch,30
#EELV,magix_ch,30
#COP21,magix_ch,30
#infrarouge,YvesNidegger,14
#Ueli,YvesNidegger,18
#garde,YvesNidegger,19
#Nomes,YvesNidegger,21
#Reynard,YvesNidegger,22
#factuelrts,YvesNidegger,29
#RTSInfrarouge,AmaudruzCeline,20
#RTSInfrarouge,AmaudruzCeline,21
#démocratie,AmaudruzCeline,21
#FIFA,DaveDournow,13
#Suisse,DaveDournow,14
#Suisse,DaveDournow,16
#TSR,xm_etienne,30
#ygl15,BarazzoneG,11
#hospitality,BarazzoneG,11
#Matterhorn,BarazzoneG,16
#lp,BarazzoneG,16
#LPinSwitzerland,BarazzoneG,16
#travel,BarazzoneG,16
#geneva,BarazzoneG,20
#UK,BarazzoneG,20
#Suisse,BarazzoneG,20
#TechNation,BarazzoneG,20
#Islande,BarazzoneG,22
#électriques,BarazzoneG,22
#Wawrinka,BarazzoneG,24
#RG15,BarazzoneG,24
#RG15,BarazzoneG,26
#atp,BarazzoneG,26
#IDB2015,BarazzoneG,29
#lapourtoi,GuyMettan,11
#JournéeDeLaFemme,SophieBuchs,11
#serialpodcast,SophieBuchs,12
#defisdelactu,SophieBuchs,14
#defisdelactu,SophieBuchs,15
#8,SophieBuchs,15
#enviedemeurtre,SophieBuchs,17
#lapremière,SophieBuchs,17
#WorldCup2014,SophieBuchs,17
#parole,SophieBuchs,21
#gripen,SophieBuchs,21
#pädophilie,SophieBuchs,21
#DVCVPCH,SophieBuchs,21
#DVCVPCH,SophieBuchs,22
#DVCVPCH,SophieBuchs,23
#PDC,SophieBuchs,24
#CH,SophieBuchs,24
#cvp,SophieBuchs,24
#sitzung,SophieBuchs,24
#mydream,SophieBuchs,28
#readyforhillary,SophieBuchs,28
#lapourtoi,PiccoliAdriano,15
#EF15,PiccoliAdriano,19
#Berne,PiccoliAdriano,19
#EF15,PiccoliAdriano,20
#smartvote,PiccoliAdriano,24
#EF2015,PiccoliAdriano,25
#abo,PiccoliAdriano,26
#SFC,PiccoliAdriano,26
#1516,PiccoliAdriano,26
#promotionleague,PiccoliAdriano,26
#derbygenevois,PiccoliAdriano,26
#lausanne2020,PiccoliAdriano,28
#Sport,PiccoliAdriano,30
#geneve,pierrebayenet,17
#monpremierTweet,pierrebayenet,17
#Bayenet,pierrebayenet,19
#dimanche,pierrebayenet,21
#Bayenet,pierrebayenet,21
#Dimanche,pierrebayenet,22
#Bayenet,pierrebayenet,24
#Genf,pierrebayenet,26
#Bayenet,pierrebayenet,26
#jeudi,pierrebayenet,27
#Bayenet,pierrebayenet,27
#Geneve,pierrebayenet,28
#ef2015,SandraBorgeaud,13
#EF2015,SandraBorgeaud,14
#faceauxpartis,SandraBorgeaud,15
#PBD,SandraBorgeaud,15
#PBD,SandraBorgeaud,16
#Faceauxpart,SandraBorgeaud,16
#FaceAuxPartis,SandraBorgeaud,18
#EF2015,SandraBorgeaud,19
#EF2015,SandraBorgeaud,20
#EF2015,SandraBorgeaud,21
#CHvote,SandraBorgeaud,21
#EF2,SandraBorgeaud,27
#EF2015,SandraBorgeaud,29
#EF2015,markkugel,13
#RTSoep,markkugel,15
#EF2015,markkugel,18
#crisehumanitaire,l_thurnherr,11
#fermonslesfrontièreseuropéennes,l_thurnherr,11
#E,l_thurnherr,14
#EF2015,CharlesPiguet,11
#EF2015,CharlesPiguet,12
#EF2015,CharlesPiguet,13
#EF2015,CharlesPiguet,14
#EF2015,CharlesPiguet,15
#EF2015,CharlesPiguet,16
#PBDSuisse,CharlesPiguet,16
#EF2015,CharlesPiguet,17
#PBDSuisse,CharlesPiguet,17
#EF2015,CharlesPiguet,18
#EF2015,CharlesPiguet,19
#EF2015,CharlesPiguet,22
#Faceauxpartis,LSeydoux,11
#EF2015,LSeydoux,11
#EF2015,LSeydoux,12
#faceauxpartis,LSeydoux,13
#EF2015,LSeydoux,13
#ecologie,LSeydoux,15
#ef2015,LSeydoux,15
#EF2015,LSeydoux,17
#Faceauxpartis,LSeydoux,19
#rtsun,LSeydoux,19
#LRTV,LSeydoux,27
#ecologie,AlexPeyraud,12
#ef2015,AlexPeyraud,12
#Faceauxpartis,AlexPeyraud,13
#rtsun,AlexPeyraud,13
#Geneve,AlexPeyraud,16
#gevote,AlexPeyraud,16
#skioo,AlexPeyraud,22
#JiPme,AlexPeyraud,24
#sicticloz,AlexPeyraud,25
#sicticloz,AlexPeyraud,26
#SICTICloz,AlexPeyraud,27
#seedspace,AlexPeyraud,28
#MunGE15,AlexPeyraud,29
#Psalm111,joanne_suardi,11
#tdg,valvekabe,13
#PEV,valvekabe,13
#déforestation,valvekabe,16
#durable,valvekabe,16
#huiledepalme,valvekabe,16
#Smartvote,valvekabe,20
#Vimentis,valvekabe,20
#Vimentis,valvekabe,21
#chretiens,valvekabe,24
#elections,valvekabe,24
#Suisse,valvekabe,25
#RTS,m_chappaz,13
#lapourtoi,morand_louise,12
#stopsuicide,morand_louise,12
#EF2015,morand_louise,13
#PourDemain,morand_louise,14
#JLRGeneve,morand_louise,14
#FaceAuxPartis,morand_louise,15
#EF2015,morand_louise,15
#EF2015,morand_louise,17
#JLRGeneve,morand_louise,17
#PourDemain,morand_louise,18
#mariagepourtous,morand_louise,19
#Ehefüralle,morand_louise,19
#EheFürAlle,morand_louise,20
#MariagePourTous,morand_louise,20
#JLRGeneve,morand_louise,21
#EF2015,morand_louise,21
#PourDemain,morand_louise,21
#JLRGeneve,morand_louise,23
#EF2015,morand_louise,23
#plrg,morand_louise,28
#genevalake,morand_louise,28
#été,morand_louise,28
#PourDemain,morand_louise,29
#JLRGeneve,morand_louise,29
#EF2015,morand_louise,29
#ef2015,morand_louise,30
#wahlch15,morand_louise,30
#chômage,Jerome_Jacquier,12
#shutdown,Jerome_Jacquier,22
#Obama,Jerome_Jacquier,22
#Genève,Jerome_Jacquier,27
#LastTimeInMazarron,VincentDaher,11
#NextTimeInGeneve,VincentDaher,11
#CoimbraSJM2015,VincentDaher,11
#wawrinka,VincentDaher,12
#switzerland,VincentDaher,12
#Geneva,VincentDaher,12
#start15,VincentDaher,13
#StanTheMan,VincentDaher,15
#DavisCup,VincentDaher,15
#NonStop,VincentDaher,17
#BuenasNoches,VincentDaher,17
#mariagepourtous,LaurentNaville,13
#Ehefüralle,LaurentNaville,13
#EF2015,LaurentNaville,14
#Valls,LaurentNaville,15
#UEPS,LaurentNaville,15
#ONPC,LaurentNaville,16
#TPG,LaurentNaville,17
#UNHCR,LaurentNaville,19
#19h30,LaurentNaville,19
#WTFPETA,LaurentNaville,20
#argumentbéton,LaurentNaville,20
#PourDemain,LaurentNaville,23
#Instagram,LaurentNaville,24
#EF2015,LaurentNaville,24
#Geneve,LaurentNaville,24
#FrickRevient,LaurentNaville,25
#SeulementLeServette,LaurentNaville,27
#EF2015,LaurentNaville,28
#JLRGeneve,LaurentNaville,28
#SFCKRI,LaurentNaville,29
#JLRGeneve,FabienGrognuz,12
#EF2015,FabienGrognuz,12
#Suisse,FabienGrognuz,14
#EF2015,FabienGrognuz,18
#JLRGeneve,FabienGrognuz,18
#EF2015,FabienGrognuz,19
#EF2015,FabienGrognuz,26
#PME,FabienGrognuz,28
#Suisse,FabienGrognuz,28
#EF2015,FabienGrognuz,28
#CHvote,FabienGrognuz,28
#JLRGe,FabienGrognuz,29
#EF2015,FabienGrognuz,29
